mid,mid_std,dpw,dpw_std
nan,nan,1.0,0.0
1.0,0.0,1.0,0.0
1.0,0.0,0.9917416436633056,0.0
0.8930876342324344,0.0,1.0,0.0
1.0,0.0,0.9781488225804454,0.0
0.8657391157769543,0.0,0.9437666208733014,0.0
0.8825645268094805,0.0,0.93935577770263,0.0
0.8652081260592294,0.0,0.9054798469286576,0.0
0.829840705747895,0.0,0.9135559896432264,0.0
