gen,mid,mid_NMDF,dpw,dpw_NMDF
1,nan,0.0,1.0,48.88502323769935
2,1.0,524.1503780581274,1.0,51.690037129941146
3,1.0,549.8593984356852,0.9917416436633056,51.690037129941146
4,0.8930876342324344,549.8593984356852,1.0,52.583700414422985
5,1.0,570.3608529917171,0.9781488225804454,52.583700414422985
6,0.8657391157769543,570.3608529917171,0.9437666208733014,52.583700414422985
7,0.8825645268094805,570.3608529917171,0.93935577770263,52.583700414422985
8,0.8652081260592294,570.3608529917171,0.9054798469286577,52.583700414422985
9,0.829840705747895,570.3608529917171,0.9135559896432263,52.583700414422985
