gen,mid,mid_NMDF,dpw,dpw_NMDF
1,1.0,492.9253669310019,1.0,51.39745507096992
2,1.0,526.585432219208,0.982505786884719,51.39745507096992
3,1.0,544.7842759601922,0.9525062191905895,51.39745507096992
4,0.8544021746389963,544.7842759601922,0.9524568089416581,51.39745507096992
5,0.9170964224948422,544.7842759601922,0.9858945692712712,51.39745507096992
6,0.8722255252199433,544.7842759601922,0.9806255023977821,51.39745507096992
7,0.9338243573373184,544.7842759601922,0.9693975740296168,51.39745507096992
8,0.8806069935288577,544.7842759601922,0.9327130887865861,51.39745507096992
9,0.8910747660402039,544.7842759601922,0.9079171650952355,51.39745507096992
