gen,mid,mid_NMDF,dpw,dpw_NMDF
1,1.0,507.59697213986743,1.0,50.61442305475189
2,1.0,515.2968101137488,1.0,50.970785263972495
3,1.0,552.5262376834005,0.9948945907699901,50.970785263972495
4,0.882027811666509,552.5262376834005,1.0,52.07095248042256
5,1.0,552.7479451273732,0.9789420804148862,52.07095248042256
6,0.8842021616114236,552.7479451273732,0.9312722208013379,52.07095248042256
7,0.9136500223056728,552.7479451273732,0.9409580759375297,52.07095248042256
8,0.8677404976711622,552.7479451273732,0.9141065605431794,52.07095248042256
9,0.8772328607966611,552.7479451273732,0.9081498533013798,52.07095248042256
